{
  "info": {
    "_postman_id": "ecommerce-dulces-collection",
    "name": "Ecommerce Dulces API",
    "schema": "https://schema.getpostman.com/json/collection/v2.1.0/collection.json"
  },
  "variable": [
    {
      "key": "baseUrl",
      "value": "http://localhost:5000",
      "type": "string"
    },
    {
      "key": "token",
      "value": "",
      "type": "string"
    }
  ],
  "item": [
    {
      "name": "Auth",
      "item": [
        {
          "name": "Register",
          "request": {
            "method": "POST",
            "header": [
              { "key": "Content-Type", "value": "application/json" }
            ],
            "url": { "raw": "{{baseUrl}}/api/auth/register", "host": ["{{baseUrl}}"], "path": ["api","auth","register"] },
            "body": {
              "mode": "raw",
              "raw": "{\n  \"nombre\": \"Usuario Prueba\",\n  \"email\": \"prueba@dulces.com\",\n  \"password\": \"prueba123\",\n  \"telefono\": \"600123456\"\n}"
            }
          }
        },
        {
          "name": "Login",
          "request": {
            "method": "POST",
            "header": [
              { "key": "Content-Type", "value": "application/json" }
            ],
            "url": { "raw": "{{baseUrl}}/api/auth/login", "host": ["{{baseUrl}}"], "path": ["api","auth","login"] },
            "body": {
              "mode": "raw",
              "raw": "{\n  \"email\": \"prueba@dulces.com\",\n  \"password\": \"prueba123\"\n}"
            }
          }
        }
      ]
    },
    {
      "name": "Users",
      "item": [
        {
          "name": "Get Profile",
          "request": {
            "method": "GET",
            "header": [
              { "key": "Authorization", "value": "Bearer {{token}}" }
            ],
            "url": { "raw": "{{baseUrl}}/api/users/me", "host": ["{{baseUrl}}"], "path": ["api","users","me"] }
          }
        },
        {
          "name": "Update Profile",
          "request": {
            "method": "PUT",
            "header": [
              { "key": "Content-Type", "value": "application/json" },
              { "key": "Authorization", "value": "Bearer {{token}}" }
            ],
            "url": { "raw": "{{baseUrl}}/api/users/me", "host": ["{{baseUrl}}"], "path": ["api","users","me"] },
            "body": {
              "mode": "raw",
              "raw": "{\n  \"nombre\": \"Nuevo Nombre\",\n  \"telefono\": \"600000000\"\n}"
            }
          }
        },
        {
          "name": "Change Password",
          "request": {
            "method": "PUT",
            "header": [
              { "key": "Content-Type", "value": "application/json" },
              { "key": "Authorization", "value": "Bearer {{token}}" }
            ],
            "url": { "raw": "{{baseUrl}}/api/users/me/password", "host": ["{{baseUrl}}"], "path": ["api","users","me","password"] },
            "body": {
              "mode": "raw",
              "raw": "{\n  \"currentPassword\": \"prueba123\",\n  \"newPassword\": \"nueva123\"\n}"
            }
          }
        }
      ]
    },
    {
      "name": "Products",
      "item": [
        {
          "name": "List All Products",
          "request": {
            "method": "GET",
            "url": { "raw": "{{baseUrl}}/api/products", "host": ["{{baseUrl}}"], "path": ["api","products"] }
          }
        },
        {
          "name": "Get Product by ID",
          "request": {
            "method": "GET",
            "url": { "raw": "{{baseUrl}}/api/products/1", "host": ["{{baseUrl}}"], "path": ["api","products","1"] }
          }
        },
        {
          "name": "Create Product (Admin)",
          "request": {
            "method": "POST",
            "header": [
              { "key": "Content-Type", "value": "application/json" },
              { "key": "Authorization", "value": "Bearer {{token}}" }
            ],
            "url": { "raw": "{{baseUrl}}/api/products", "host": ["{{baseUrl}}"], "path": ["api","products"] },
            "body": {
              "mode": "raw",
              "raw": "{\n  \"nombre\": \"Nuevo Prod\",\n  \"descripcion\": \"Descripción...\",\n  \"imagen\": \"https://...\",\n  \"precio\": 9.99,\n  \"stock\": 10,\n  \"categoria_id\": 1\n}"
            }
          }
        },
        {
          "name": "Update Product (Admin)",
          "request": {
            "method": "PUT",
            "header": [
              { "key": "Content-Type", "value": "application/json" },
              { "key": "Authorization", "value": "Bearer {{token}}" }
            ],
            "url": { "raw": "{{baseUrl}}/api/products/1", "host": ["{{baseUrl}}"], "path": ["api","products","1"] },
            "body": {
              "mode": "raw",
              "raw": "{\n  \"nombre\": \"Prod Editado\",\n  \"descripcion\": \"Desc...\",\n  \"imagen\": \"https://...\",\n  \"precio\": 5.50,\n  \"stock\": 20,\n  \"categoria_id\": 2\n}"
            }
          }
        },
        {
          "name": "Delete Product (Admin)",
          "request": {
            "method": "DELETE",
            "header": [
              { "key": "Authorization", "value": "Bearer {{token}}" }
            ],
            "url": { "raw": "{{baseUrl}}/api/products/1", "host": ["{{baseUrl}}"], "path": ["api","products","1"] }
          }
        }
      ]
    },
    {
      "name": "Categories",
      "item": [
        {
          "name": "List Categories",
          "request": {
            "method": "GET",
            "url": { "raw": "{{baseUrl}}/api/categories", "host": ["{{baseUrl}}"], "path": ["api","categories"] }
          }
        },
        {
          "name": "Get Category by ID",
          "request": {
            "method": "GET",
            "url": { "raw": "{{baseUrl}}/api/categories/1", "host": ["{{baseUrl}}"], "path": ["api","categories","1"] }
          }
        },
        {
          "name": "Create Category (Admin)",
          "request": {
            "method": "POST",
            "header": [
              { "key": "Content-Type", "value": "application/json" },
              { "key": "Authorization", "value": "Bearer {{token}}" }
            ],
            "url": { "raw": "{{baseUrl}}/api/categories", "host": ["{{baseUrl}}"], "path": ["api","categories"] },
            "body": {
              "mode": "raw",
              "raw": "{\n  \"nombre\": \"Nueva Cat\",\n  \"descripcion\": \"Desc...\"\n}"
            }
          }
        },
        {
          "name": "Update Category (Admin)",
          "request": {
            "method": "PUT",
            "header": [
              { "key": "Content-Type", "value": "application/json" },
              { "key": "Authorization", "value": "Bearer {{token}}" }
            ],
            "url": { "raw": "{{baseUrl}}/api/categories/1", "host": ["{{baseUrl}}"], "path": ["api","categories","1"] },
            "body": {
              "mode": "raw",
              "raw": "{\n  \"nombre\": \"Cat Editada\",\n  \"descripcion\": \"Desc...\"\n}"
            }
          }
        },
        {
          "name": "Delete Category (Admin)",
          "request": {
            "method": "DELETE",
            "header": [
              { "key": "Authorization", "value": "Bearer {{token}}" }
            ],
            "url": { "raw": "{{baseUrl}}/api/categories/1", "host": ["{{baseUrl}}"], "path": ["api","categories","1"] }
          }
        }
      ]
    },
    {
      "name": "Orders",
      "item": [
        {
          "name": "Create Order",
          "request": {
            "method": "POST",
            "header": [
              { "key": "Content-Type", "value": "application/json" },
              { "key": "Authorization", "value": "Bearer {{token}}" }
            ],
            "url": { "raw": "{{baseUrl}}/api/orders", "host": ["{{baseUrl}}"], "path": ["api","orders"] },
            "body": {
              "mode": "raw",
              "raw": "{\n  \"addressId\": 1,\n  \"total\": 19.99,\n  \"items\": [\n    { \"productId\": 2, \"quantity\": 3, \"unitPrice\": 3.50 }\n  ]\n}"
            }
          }
        },
        {
          "name": "List My Orders",
          "request": {
            "method": "GET",
            "header": [
              { "key": "Authorization", "value": "Bearer {{token}}" }
            ],
            "url": { "raw": "{{baseUrl}}/api/orders", "host": ["{{baseUrl}}"], "path": ["api","orders"] }
          }
        },
        {
          "name": "Get Order by ID",
          "request": {
            "method": "GET",
            "header": [
              { "key": "Authorization", "value": "Bearer {{token}}" }
            ],
            "url": { "raw": "{{baseUrl}}/api/orders/1", "host": ["{{baseUrl}}"], "path": ["api","orders","1"] }
          }
        },
        {
          "name": "List All Orders (Admin)",
          "request": {
            "method": "GET",
            "header": [
              { "key": "Authorization", "value": "Bearer {{token}}" }
            ],
            "url": { "raw": "{{baseUrl}}/api/orders/all", "host": ["{{baseUrl}}"], "path": ["api","orders","all"] }
          }
        },
        {
          "name": "Update Order Status (Admin)",
          "request": {
            "method": "PUT",
            "header": [
              { "key": "Content-Type", "value": "application/json" },
              { "key": "Authorization", "value": "Bearer {{token}}" }
            ],
            "url": { "raw": "{{baseUrl}}/api/orders/1/status", "host": ["{{baseUrl}}"], "path": ["api","orders","1","status"] },
            "body": {
              "mode": "raw",
              "raw": "{\n  \"status\": \"procesando\"\n}"
            }
          }
        }
      ]
    },
    {
      "name": "Payments",
      "item": [
        {
          "name": "List Methods",
          "request": {
            "method": "GET",
            "url": { "raw": "{{baseUrl}}/api/payments/methods", "host": ["{{baseUrl}}"], "path": ["api","payments","methods"] }
          }
        },
        {
          "name": "Record Payment",
          "request": {
            "method": "POST",
            "header": [
              { "key": "Content-Type", "value": "application/json" },
              { "key": "Authorization", "value": "Bearer {{token}}" }
            ],
            "url": { "raw": "{{baseUrl}}/api/payments", "host": ["{{baseUrl}}"], "path": ["api","payments"] },
            "body": {
              "mode": "raw",
              "raw": "{\n  \"orderId\": 1,\n  \"methodId\": 2,\n  \"status\": \"completado\"\n}"
            }
          }
        }
      ]
    },
    {
      "name": "Contact",
      "item": [
        {
          "name": "Send Message (Guest)",
          "request": {
            "method": "POST",
            "header": [ { "key": "Content-Type", "value": "application/json" } ],
            "url": { "raw": "{{baseUrl}}/api/contact", "host": ["{{baseUrl}}"], "path": ["api","contact"] },
            "body": {
              "mode": "raw",
              "raw": "{\n  \"nombre\": \"Invitado\",\n  \"email\": \"gem@ejemplo.com\",\n  \"mensaje\": \"Hola, necesito ayuda.\"\n}"
            }
          }
        },
        {
          "name": "Send Message (User)",
          "request": {
            "method": "POST",
            "header": [
              { "key": "Content-Type", "value": "application/json" },
              { "key": "Authorization", "value": "Bearer {{token}}" }
            ],
            "url": { "raw": "{{baseUrl}}/api/contact", "host": ["{{baseUrl}}"], "path": ["api","contact"] },
            "body": {
              "mode": "raw",
              "raw": "{\n  \"mensaje\": \"Quiero contactar desde mi cuenta.\"\n}"
            }
          }
        }
      ]
    }
  ]
}
